{
  "scheme": "holdout",
  "mae": 16591.088991040957,
  "rmse": 28584.763601925853,
  "r2": 0.8980874555139113
}