{
  "selected_model": "xgboost",
  "metrics": {
    "linear_regression": {
      "mae": 0.08341142330287402,
      "real_mae": 15127.280107644116,
      "r2": 0.8444548643709753
    },
    "random_forest": {
      "mae": 0.08767635439162057,
      "real_mae": 16474.372066388147,
      "r2": 0.9113328588467023
    },
    "xgboost": {
      "mae": 0.07527718667291025,
      "real_mae": 14080.11022157637,
      "r2": 0.9367298363659852
    }
  }
}