{
  "scheme": "holdout",
  "model": "xgb",
  "mae": 14622.809803620947,
  "rmse": 25243.889160155275,
  "n_train": 2344,
  "n_valid": 586
}