{
  "scheme": "holdout",
  "mae": 17125.522234446384,
  "rmse": 30238.831703785032,
  "r2": 0.8859517958994844
}