{
  "scheme": "holdout",
  "mae": 14460.298978109002,
  "rmse": 24773.57135111711,
  "r2": 0.9234516783962148
}